文献ID	归类	批次	主任务纳入	重训轨	PDF	记录	题名
T-NM-2026	模板	模板	否	不重训	papers/00_template/Lu2026_TCR_epitope_NatureMethods.pdf	meta/00_template/Lu2026_TCR_epitope_NatureMethods.txt	Assessment of computational methods in predicting TCR-epitope binding recognition
T-NM-2026-SI	模板	模板	否	不重训	papers/00_template/Lu2026_TCR_epitope_SI.pdf	meta/00_template/Lu2026_TCR_epitope_SI.txt	Supplementary information for the Nature Methods assessment
R-PLAYOUT-2024	综述	batch1	作为先前基准	不把文中临时基线当作专用模型	papers/01_reviews/Playout2024_cross_dataset_generalization.pdf	meta/01_reviews/Playout2024_cross_dataset_generalization.txt	Cross-dataset generalization for retinal lesions segmentation
R-SEBASTIAN-2023	综述	batch1	否，范围更宽	不重训	papers/01_reviews/Sebastian2023_DR_lesion_survey.pdf	meta/01_reviews/Sebastian2023_DR_lesion_survey.txt	A survey on diabetic retinopathy lesion detection and segmentation
R-TAHIR-2024	综述	batch1	否，只覆盖微动脉瘤	不重训	papers/01_reviews/Tahir2024_microaneurysm_review.pdf	meta/01_reviews/Tahir2024_microaneurysm_review.txt	Advances in retinal microaneurysms detection, segmentation and datasets
D-IDRID-2018	数据集-细像素	batch1	是	官方划分用于数据集内测试	papers/02_datasets/Porwal2018_IDRiD.pdf	meta/02_datasets/Porwal2018_IDRiD.txt	Indian Diabetic Retinopathy Image Dataset (IDRiD)
D-IDRID-CHAL-2020	数据集-细像素	batch1	是	作为协议，不重训	papers/02_datasets/Porwal2020_IDRiD_challenge.pdf	meta/02_datasets/Porwal2020_IDRiD_challenge.txt	IDRiD: Diabetic Retinopathy - Segmentation and Grading Challenge
D-DDR-2019	数据集-细像素	batch1	是	官方划分是数据集内主协议	papers/02_datasets/Li2019_DDR.pdf	meta/02_datasets/Li2019_DDR.txt	Diagnostic assessment of deep learning algorithms for diabetic retinopathy screening
D-FGADR-2021	数据集-粗或区域	batch1	是	跨数据集实验中的粗标注来源	papers/02_datasets/Zhou2021_FGADR.pdf	meta/02_datasets/Zhou2021_FGADR.txt	A benchmark for studying diabetic retinopathy: segmentation, grading, and transferability
D-MAPLES-2024	数据集-细像素	batch1	是	细标注外部测试	papers/02_datasets/MAPLES-DR_2024_ScientificData.pdf	meta/02_datasets/MAPLES-DR_2024_ScientificData.txt	MAPLES-DR
D-MESSIDOR-2014	数据集-分级依赖	batch1	否	不单独做分割	papers/02_datasets/Decenciere2014_MESSIDOR.pdf	meta/02_datasets/Decenciere2014_MESSIDOR.txt	Feedback on a publicly distributed image database: the MESSIDOR database
D-RETLESION-2020	数据集-粗或区域	batch1	数据用于粒度实验；Lesion-Net 进入主比较	有代码，可列入重训候选	papers/02_datasets/Wei2020_RetinalLesions_LesionNet.pdf	meta/02_datasets/Wei2020_RetinalLesions_LesionNet.txt	Learn to segment retinal lesions and beyond
D-DIARETDB1-2007	数据集-粗或区域	batch1	谨慎纳入	可作外部测试，须单独说明真值	papers/02_datasets/Kauppi2007_DIARETDB1.pdf	meta/02_datasets/Kauppi2007_DIARETDB1.txt	The DIARETDB1 diabetic retinopathy database and evaluation protocol
D-DIARETDB0-2006	数据集-粗或区域	batch1	否	不进入像素主榜	papers/02_datasets/Kauppi2006_DIARETDB0.pdf	meta/02_datasets/Kauppi2006_DIARETDB0.txt	DIARETDB0
D-EOPHTHA-2013	数据集-细像素	batch1	两类外部测试	不参与四类平均	papers/02_datasets/Decenciere2013_eophtha_TeleOphta.pdf	meta/02_datasets/Decenciere2013_eophtha_TeleOphta.txt	TeleOphta
D-ROC-2010	数据集-检出级	batch1	病灶级旁支	不计算像素 Dice	papers/02_datasets/Niemeijer2010_ROC.pdf	meta/02_datasets/Niemeijer2010_ROC.txt	Retinopathy Online Challenge
D-TJDR-2023	数据集-细像素	batch3	否。公开四类像素集，但含 133° 超广角，不并进 IDRiD/DDR 平均	不重训。可选外部集，超广角单独一列	papers/02_datasets/Mao2023_TJDR.pdf	meta/02_datasets/Mao2023_TJDR.txt	TJDR
D-REFIDRID-2026	数据集-细像素	batch3	否。不替换官方 IDRiD 的原分辨率和官方划分	不重训。可作标注修订的敏感性分析，不作为主协议真值	papers/02_datasets/Chankhachon2026_RefinedIDRiD.pdf	meta/02_datasets/Chankhachon2026_RefinedIDRiD.txt	Refined IDRiD
M-LSEG-2019	主比较-CNN多尺度	batch1	是	主比较集，优先重训	papers/03_dr_methods/cnn_multiscale/Guo2019_L-Seg.pdf	meta/03_dr_methods/cnn_multiscale/Guo2019_L-Seg.txt	L-Seg
M-SAA-2022	主比较-CNN多尺度	batch1	是	主比较集。官方仓库是空的，目前不能重训	papers/03_dr_methods/cnn_multiscale/Bo2022_SAA.pdf	meta/03_dr_methods/cnn_multiscale/Bo2022_SAA.txt	SAA: scale-aware attention block
M-M2MRF-2023	主比较-CNN多尺度	batch1	是	主比较集，优先重训	papers/03_dr_methods/cnn_multiscale/Liu2023_M2MRF.pdf	meta/03_dr_methods/cnn_multiscale/Liu2023_M2MRF.txt	M2MRF
M-HACDR-2024	主比较-CNN多尺度	batch1	是	主比较集，优先重训	papers/03_dr_methods/cnn_multiscale/Xu2024_HACDR-Net.pdf	meta/03_dr_methods/cnn_multiscale/Xu2024_HACDR-Net.txt	HACDR-Net
M-WSRF-2024	主比较-CNN多尺度	batch1	是	主比较集，优先重训；其指标定义可作为主指标先例	papers/03_dr_methods/cnn_multiscale/Li2024_WSRFNet.pdf	meta/03_dr_methods/cnn_multiscale/Li2024_WSRFNet.txt	WSRFNet
M-CARNET-2022	主比较-CNN多尺度	batch1	是	主比较集；无代码则只做原文审计	papers/03_dr_methods/cnn_multiscale/Guo2022_CARNet.pdf	meta/03_dr_methods/cnn_multiscale/Guo2022_CARNet.txt	CARNet
M-HEDGAN-2020	主比较-CNN多尺度	batch1	是	主比较集；无代码则不重训	papers/03_dr_methods/cnn_multiscale/Xiao2020_HEDNet_cGAN.pdf	meta/03_dr_methods/cnn_multiscale/Xiao2020_HEDNet_cGAN.txt	Improving lesion segmentation using adversarial learning
M-MLNET-2024	主比较-CNN多尺度	batch1	是	主比较集。带星号的数字是该文自己重跑的	papers/03_dr_methods/cnn_multiscale/Bian2024_MLNet.pdf	meta/03_dr_methods/cnn_multiscale/Bian2024_MLNet.txt	Multi-scale attention and lesion perception
M-PMCNET-2022	主比较-CNN多尺度	batch2	是	有训练代码，可以进轨 B。没有作者权重，不能进轨 A	papers/03_dr_methods/cnn_multiscale/He2022_PMCNet.pdf	meta/03_dr_methods/cnn_multiscale/He2022_PMCNet.txt	PMCNet
M-LEZIO-2023	主比较-CNN多尺度	batch2	是	主比较集	papers/03_dr_methods/cnn_multiscale/Ali2023_LezioSeg.pdf	meta/03_dr_methods/cnn_multiscale/Ali2023_LezioSeg.txt	LezioSeg
M-GUO2024-2024	主比较-CNN多尺度	batch1	是	主比较集。没有官方 GitHub，目前不能克隆复现	papers/03_dr_methods/cnn_multiscale/Guo2024_deep_multiscale.pdf	meta/03_dr_methods/cnn_multiscale/Guo2024_deep_multiscale.txt	Diabetic Retinopathy Lesion Segmentation Using Deep Multi-scale Framework
M-CLC-2023	主比较-CNN多尺度	batch2	是	主比较集。无官方代码，不能复现	papers/03_dr_methods/cnn_multiscale/Wang2023_CLC-Net.pdf	meta/03_dr_methods/cnn_multiscale/Wang2023_CLC-Net.txt	CLC-Net: Contextual and local collaborative network for lesion segmentation in diabetic retinopathy images
M-BAYES-2021	主比较-CNN多尺度	batch3	是	主比较集。没有训练代码则只做原文审计	未下载	meta/03_dr_methods/cnn_multiscale/Garifullin2021_DeepBayesian.txt	Deep Bayesian baseline for segmenting diabetic retinopathy lesions
M-PATCHED-2021	主比较-CNN多尺度	batch3	是，摘要只写了 MA、出血和硬性渗出，不进四类平均	主比较集。没有训练代码则只做原文审计	未下载	meta/03_dr_methods/cnn_multiscale/Kumar2021_PatchEncoderDecoder.txt	Segmentation of Retinal Lesions in Fundus Images: A Patch Based Approach Using Encoder-Decoder Neural Network
M-DBUNET-2023	主比较-CNN多尺度	batch3	是	主比较集。没有训练代码则只做原文审计	papers/03_dr_methods/cnn_multiscale/Yin2023_DB-UNet.pdf	meta/03_dr_methods/cnn_multiscale/Yin2023_DB-UNet.txt	DB-U-Net
M-DFFR-2023	主比较-CNN多尺度	batch3	是，只有出血、硬性渗出和视盘，不进四类平均	主比较集。没有训练代码则只做原文审计	未下载	meta/03_dr_methods/cnn_multiscale/Alharbi2023_DFFR-UNet.txt	DFFR-U-Net
M-DEEPLABDR-2024	主比较-CNN多尺度	batch3	是	不替代基线 B-DEEPLAB-2018。这是在 IDRiD 上的专用实验，原文准确率不进主表	未下载	meta/03_dr_methods/cnn_multiscale/Boulaabi2024_DeepLabv3plus.txt	Advanced Segmentation of Diabetic Retinopathy Lesions Using DeepLabv3+
M-R2UNET-2024	主比较-CNN多尺度	batch3	是	主比较集。没有训练代码则只做原文审计	未下载	meta/03_dr_methods/cnn_multiscale/Pereira2024_R2U-Net.txt	R2U-Net for fundus lesions
M-MSAG-2024	主比较-CNN多尺度	batch3	是	主比较集。没有训练代码则只做原文审计	papers/03_dr_methods/cnn_multiscale/Xu2024_MSAG.pdf	meta/03_dr_methods/cnn_multiscale/Xu2024_MSAG.txt	MSAG
M-LFRC-2024	主比较-CNN多尺度	batch3	是	主比较集。没有训练代码则只做原文审计	papers/03_dr_methods/cnn_multiscale/Fu2024_LFRC-Net.pdf	meta/03_dr_methods/cnn_multiscale/Fu2024_LFRC-Net.txt	LFRC-Net
M-BISEPRO-2024	主比较-CNN多尺度	batch3	是	主比较集。没有训练代码则只做原文审计	未下载	meta/03_dr_methods/cnn_multiscale/Gao2024_BiSeNetV2-Pro.txt	BiSeNet V2-Pro
M-MCFNET-2024	主比较-CNN多尺度	batch3	是	主比较集。没有训练代码则只做原文审计	未下载	meta/03_dr_methods/cnn_multiscale/Guo2024_MCFNet.txt	MCFNet
M-HFM-2024	主比较-CNN多尺度	batch3	是	主比较集。没有训练代码则只做原文审计	未下载	meta/03_dr_methods/cnn_multiscale/Yang2024_HFM-Seg.txt	HFM-Seg
M-ATTDL-2025	主比较-CNN多尺度	batch3	是	主比较集。有训练入口，可列入轨 B，尚未接入 bench	未下载	meta/03_dr_methods/cnn_multiscale/Jithesh2025_Attention-DeepLab.txt	Attention-DeepLab
M-RESU-2025	主比较-CNN多尺度	batch3	是	主比较集。没有训练代码则只做原文审计	未下载	meta/03_dr_methods/cnn_multiscale/Vasuki2025_ResidualUNet.txt	Residual attention U-Net
M-TEDR-2026	主比较-CNN多尺度	batch3	是	主比较集。没有训练代码则只做原文审计	papers/03_dr_methods/cnn_multiscale/Qi2026_TEDR-YNet.pdf	meta/03_dr_methods/cnn_multiscale/Qi2026_TEDR-YNet.txt	TEDR-YNet
M-CSIF-2026	主比较-CNN多尺度	batch3	是	主比较集。没有训练代码则只做原文审计	papers/03_dr_methods/cnn_multiscale/Wang2026_CSIF.pdf	meta/03_dr_methods/cnn_multiscale/Wang2026_CSIF.txt	Information flow redistribution
M-RILBP-2023	主比较-CNN多尺度	batch3	是。IDRiD 四类进入主比较。e-ophtha 上的出血和软性渗出结果不采信	主比较集。没有训练代码则只做原文审计	papers/03_dr_methods/cnn_multiscale/Geetha2023_RILBP-YNet.pdf	meta/03_dr_methods/cnn_multiscale/Geetha2023_RILBP-YNet.txt	RILBP-YNet
M-RTNET-2022	主比较-关系或Transformer	batch1	是	主比较集；无作者代码则不能凭论文表排名	papers/03_dr_methods/relation_transformer/Huang2022_RTNet.pdf	meta/03_dr_methods/relation_transformer/Huang2022_RTNet.txt	RTNet
M-VTA-2023	主比较-关系或Transformer	batch2	是	主比较集。MLNet 带星号的 VTA 是别人重跑的，两套数字都要注明来源	papers/03_dr_methods/relation_transformer/Wang2023_VTA_hyperbolic.pdf	meta/03_dr_methods/relation_transformer/Wang2023_VTA_hyperbolic.txt	VTA plus hyperbolic embeddings
M-TCNET-2023	主比较-关系或Transformer	batch2	是。眼底实验是 IDRiD 与 DDR 的四类分割；另有一个皮肤病灶实验，不并入眼底榜	主比较集。无官方代码，不能复现	papers/03_dr_methods/relation_transformer/Zhang2023_TC-Net.pdf	meta/03_dr_methods/relation_transformer/Zhang2023_TC-Net.txt	TC-Net: A joint learning framework based on CNN and vision transformer for multi-lesion medical images segmentation
M-DRGNET-2022	主比较-关系或Transformer	batch3	是	主比较集。没有训练代码则只做原文审计	papers/03_dr_methods/relation_transformer/Hasan2022_DRG-Net.pdf	meta/03_dr_methods/relation_transformer/Hasan2022_DRG-Net.txt	DRG-Net
M-CASCADE-2024	主比较-关系或Transformer	batch3	是	主比较集。没有训练代码则只做原文审计	未下载	meta/03_dr_methods/relation_transformer/Zheng2024_CascadeUNet.txt	Cascade U-Net with Transformer
M-PGAFT-2024	主比较-关系或Transformer	batch3	是	主比较集的多特征模型。血管掩码的来源必须在表里写明	papers/03_dr_methods/relation_transformer/Xu2024_PGAFT.pdf	meta/03_dr_methods/relation_transformer/Xu2024_PGAFT.txt	Prior-guided attention fusion Transformer
M-MSGDA-2024	主比较-关系或Transformer	batch3	是	主比较集。没有训练代码则只做原文审计	未下载	meta/03_dr_methods/relation_transformer/Li2024_MSGDA-Net.txt	MSGDA-Net
M-FFRT-2024	主比较-关系或Transformer	batch3	是，摘要只写 MA、HE、EX，不进四类平均	主比较集。没有训练代码则只做原文审计	未下载	meta/03_dr_methods/relation_transformer/Nowfal2024_FFRTNet.txt	FFRTNet
M-WSSE-2025	主比较-关系或Transformer	batch3	是	主比较集的未见实验。FGADR 结果单独列，不并进细像素平均	未下载	meta/03_dr_methods/relation_transformer/Liu2025_WSSE.txt	WSSE
M-TVFNET-2026	主比较-关系或Transformer	batch3	是	主比较集。文本标签列必须和 TP-DRSeg 分开	papers/03_dr_methods/relation_transformer/Guo2026_TVFNet.pdf	meta/03_dr_methods/relation_transformer/Guo2026_TVFNet.txt	TVFNet
M-SSMD-2023	主比较-半监督	batch2	是	半监督分支。划分是作者自划的 70/5/25，不能和官方划分混报	papers/03_dr_methods/semi_supervised/Ullah2023_SSMD-UNet.pdf	meta/03_dr_methods/semi_supervised/Ullah2023_SSMD-UNet.txt	SSMD-UNet
M-ZHOUCL-2019	主比较-半监督	batch2	是	半监督分支	papers/03_dr_methods/semi_supervised/Zhou2019_collaborative_semi_supervised.pdf	meta/03_dr_methods/semi_supervised/Zhou2019_collaborative_semi_supervised.txt	Collaborative learning of semi-supervised segmentation and classification
M-CRNET-2023	主比较-半监督	batch3	是	主比较集的半监督。轨 B 必须用官方划分，无标签池不能临时再划	未下载	meta/03_dr_methods/semi_supervised/Zhang2023_CR-Net.txt	CR-Net
M-BINLOSS-2020	单病灶	batch1	旁支	单病灶旁支；损失可进入因素实验	papers/03_dr_methods/single_lesion/Guo2020_bin_loss.pdf	meta/03_dr_methods/single_lesion/Guo2020_bin_loss.txt	Bin loss for hard exudates segmentation
M-SSMAF-2022	单病灶	batch1	旁支	单病灶旁支	papers/03_dr_methods/single_lesion/Zhang2022_SS-MAF.pdf	meta/03_dr_methods/single_lesion/Zhang2022_SS-MAF.txt	SS-MAF hard exudate segmentation
M-DAI-2018	单病灶	batch1	旁支	不进入像素主榜	papers/03_dr_methods/single_lesion/Dai2018_clinical_report_MA.pdf	meta/03_dr_methods/single_lesion/Dai2018_clinical_report_MA.txt	Clinical report guided retinal microaneurysm detection
M-DBEX-2021	单病灶	batch1	旁支	单病灶旁支	papers/03_dr_methods/single_lesion/Liu2022_dual_branch_exudate.pdf	meta/03_dr_methods/single_lesion/Liu2022_dual_branch_exudate.txt	Dual-branch network for hard exudate segmentation
F-TPDRSEG-2024	主比较-基础模型适配	batch1	是	主比较集。论文链接失效，现有仓库没有训练代码，目前不能重训	papers/04_foundation_models/dr_adapted/Li2024_TP-DRSeg.pdf	meta/04_foundation_models/dr_adapted/Li2024_TP-DRSeg.txt	TP-DRSeg
F-SAM2DR-2025	主比较-基础模型适配	batch1	是	主比较集；无代码则只作方法记录	papers/04_foundation_models/dr_adapted/Chen2025_SAM2_DR.pdf	meta/04_foundation_models/dr_adapted/Chen2025_SAM2_DR.txt	Adapting Segment Anything 2 for diabetic retinopathy lesion segmentation
F-OPHSAM-2023	主比较-基础模型适配	batch2	是	主比较集的少样本基础模型	papers/04_foundation_models/dr_adapted/Qiu2023_Learnable_Ophthalmology_SAM.pdf	meta/04_foundation_models/dr_adapted/Qiu2023_Learnable_Ophthalmology_SAM.txt	Learnable Ophthalmology SAM
F-SAM-2023	基线-基础模型未做本病	batch1	基线	基线。本病上的零样本以统一协议重跑	papers/04_foundation_models/not_on_dr/Kirillov2023_SAM.pdf	meta/04_foundation_models/not_on_dr/Kirillov2023_SAM.txt	Segment Anything
F-SAM2-2024	基线-基础模型未做本病	batch1	基线	基线。本病适配见 Chen 2025	papers/04_foundation_models/not_on_dr/Ravi2024_SAM2.pdf	meta/04_foundation_models/not_on_dr/Ravi2024_SAM2.txt	SAM 2
F-MEDSAM-2024	基线-基础模型未做本病	batch1	基线	基线，在 IDRiD 与 DDR 上按同一提示协议重跑	papers/04_foundation_models/not_on_dr/Ma2024_MedSAM.pdf	meta/04_foundation_models/not_on_dr/Ma2024_MedSAM.txt	Segment anything in medical images
F-SAMAD-2023	基线-基础模型未做本病	batch2	基线	基线，在 IDRiD 与 DDR 上重跑	papers/04_foundation_models/not_on_dr/Chen2023_SAM-Adapter.pdf	meta/04_foundation_models/not_on_dr/Chen2023_SAM-Adapter.txt	SAM-Adapter
F-SAM2UNET-2024	基线-基础模型未做本病	batch2	结构参考	可选基线。本病对应实验是 Chen 2025	papers/04_foundation_models/not_on_dr/Xiong2024_SAM2-UNet.pdf	meta/04_foundation_models/not_on_dr/Xiong2024_SAM2-UNet.txt	SAM2-UNet
F-SAMED-2023	基线-基础模型未做本病	batch2	基线	基线，在 IDRiD 与 DDR 上重跑	papers/04_foundation_models/not_on_dr/Zhang2023_SAMed.pdf	meta/04_foundation_models/not_on_dr/Zhang2023_SAMed.txt	SAMed
F-PERSAM-2024	基线-基础模型未做本病	batch2	基线	基线。已有报告在 DR 上接近失败，需自己复核	papers/04_foundation_models/not_on_dr/Zhang2024_PerSAM.pdf	meta/04_foundation_models/not_on_dr/Zhang2024_PerSAM.txt	PerSAM
B-UNET-2015	基线-通用分割	batch1	基线	所有主实验的必含基线	papers/05_general_baselines/Ronneberger2015_U-Net.pdf	meta/05_general_baselines/Ronneberger2015_U-Net.txt	U-Net
B-FCN-2015	基线-通用分割	batch1	基线	可选基线	papers/05_general_baselines/Long2015_FCN.pdf	meta/05_general_baselines/Long2015_FCN.txt	Fully convolutional networks
B-DEEPLAB-2018	基线-通用分割	batch1	基线	必含通用基线	papers/05_general_baselines/Chen2018_DeepLabv3plus.pdf	meta/05_general_baselines/Chen2018_DeepLabv3plus.txt	DeepLabv3+
B-HRNET-2020	基线-通用分割	batch1	基线	必含基线	papers/05_general_baselines/Wang2020_HRNet.pdf	meta/05_general_baselines/Wang2020_HRNet.txt	HRNet
B-SWIN-2021	基线-通用分割	batch1	基线	不单独当分割模型；分割用 Swin-Unet	papers/05_general_baselines/Liu2021_Swin_Transformer.pdf	meta/05_general_baselines/Liu2021_Swin_Transformer.txt	Swin Transformer
B-UPERNET-2018	基线-通用分割	batch1	基线	可选解码头基线	papers/05_general_baselines/Xiao2018_UPerNet.pdf	meta/05_general_baselines/Xiao2018_UPerNet.txt	UPerNet
M-H2FORMER-2023	基线-通用分割	batch2	是，按通用模型解释	主比较集中的通用混合模型	papers/05_general_baselines/He2023_H2Former.pdf	meta/05_general_baselines/He2023_H2Former.txt	H2Former
B-FCT-2023	基线-通用分割	batch2	基线	必含基线。TP-DRSeg 把它当作专用分割对照	papers/05_general_baselines/Tragakis2023_FCT.pdf	meta/05_general_baselines/Tragakis2023_FCT.txt	Fully Convolutional Transformer
B-SWINUNET-2022	基线-通用分割	batch2	基线	Transformer 分割基线	papers/05_general_baselines/Cao2022_Swin-Unet.pdf	meta/05_general_baselines/Cao2022_Swin-Unet.txt	Swin-Unet
B-HED-2015	基线-通用分割	batch2	基线	不单独当病灶模型	papers/05_general_baselines/Xie2015_HED.pdf	meta/05_general_baselines/Xie2015_HED.txt	Holistically-nested edge detection
B-UNETPP-2018	基线-通用分割	batch2	基线	可选基线	papers/05_general_baselines/Zhou2018_UNet++.pdf	meta/05_general_baselines/Zhou2018_UNet++.txt	UNet++
B-SEGNET-2017	基线-通用分割	batch2	基线	第一轮不必跑	papers/05_general_baselines/Badrinarayanan2017_SegNet.pdf	meta/05_general_baselines/Badrinarayanan2017_SegNet.txt	SegNet
O-DRAC-2023	OCTA独立任务	batch1	否，单独成章	独立任务	papers/06_octa/Qian2023_DRAC.pdf	meta/06_octa/Qian2023_DRAC.txt	DRAC challenge with ultra-wide OCTA
