batch,category,file,title,id,status,url,bytes
batch1,00_template,Lu2026_TCR_epitope_SI.pdf,Lu 2026 Nature Methods supplementary,10.1038/s41592-025-02910-0,ok,https://static-content.springer.com/esm/art%3A10.1038%2Fs41592-025-02910-0/MediaObjects/41592_2025_2910_MOESM1_ESM.pdf,1521079
batch1,01_prior_reviews,Playout2024_cross_dataset_generalization.pdf,Cross-dataset generalization for retinal lesions segmentation,arXiv:2405.08329,ok,https://arxiv.org/pdf/2405.08329,743624
batch1,01_prior_reviews,Sebastian2023_DR_lesion_survey.pdf,A survey on DR lesion detection and segmentation,10.3390/app13085111,missing,,0
batch1,01_prior_reviews,MA_SLR_2024_microaneurysm_review.pdf,"Advances in retinal microaneurysms detection, segmentation and datasets",10.1007/s11042-023-18089-5,missing,,0
batch1,02_datasets,Porwal2018_IDRiD_dataset.pdf,IDRiD dataset paper,10.3390/data3030025,missing,,0
batch1,02_datasets,Porwal2020_IDRiD_challenge.pdf,IDRiD segmentation and grading challenge,10.1016/j.media.2019.101561,ok,https://dea.lib.unideb.hu/server/api/core/bitstreams/0d383fa3-2728-47de-9632-2d3c812b8064/content,4164408
batch1,02_datasets,Li2019_DDR.pdf,DDR diagnostic assessment,10.1016/j.ins.2019.06.011,missing,,0
batch1,02_datasets,Zhou2021_FGADR.pdf,FGADR benchmark,arXiv:2008.09772,ok,https://arxiv.org/pdf/2008.09772,9714661
batch1,02_datasets,MAPLES-DR_2024_ScientificData.pdf,MAPLES-DR,10.1038/s41597-024-03739-6,ok,https://www.nature.com/articles/s41597-024-03739-6.pdf?error=cookies_not_supported&code=3b879155-5ab0-4881-a2da-cf95f62ffaed,3226242
batch1,02_datasets,Decenciere2014_MESSIDOR.pdf,MESSIDOR database,10.5566/ias.1155,ok,https://www.ias-iss.org/ojs/IAS/article/download/1155/959,123551
batch1,02_datasets,Wei2020_RetinalLesions_LesionNet.pdf,Learn to segment retinal lesions and beyond,arXiv:1912.11619,ok,https://arxiv.org/pdf/1912.11619,8594358
batch1,02_datasets,Kauppi2007_DIARETDB1.pdf,DIARETDB1,BMVC2007,ok,https://webpages.tuni.fi/vision/public_data/publications/bmvc2007_diaretdb1.pdf,197354
batch1,02_datasets,Kauppi2006_DIARETDB0.pdf,DIARETDB0,DIARETDB0,missing,,0
batch1,02_datasets,Decenciere2013_eophtha_TeleOphta.pdf,TeleOphta / e-ophtha,10.1016/j.irbm.2013.01.010,missing,,0
batch1,02_datasets,Niemeijer2010_ROC.pdf,Retinopathy Online Challenge,10.1109/TMI.2009.2037146,missing,,0
batch1,03_fundus_methods,Guo2019_L-Seg.pdf,L-Seg,10.1016/j.neucom.2019.04.008,missing,,0
batch1,03_fundus_methods,Guo2020_bin_loss_exudates.pdf,Bin loss for hard exudates,10.1016/j.neucom.2018.10.049,missing,,0
batch1,03_fundus_methods,Huang2022_RTNet.pdf,RTNet,arXiv:2201.11037,ok,https://arxiv.org/pdf/2201.11037,20870202
batch1,03_fundus_methods,Bo2022_SAA.pdf,SAA scale-aware attention,10.1109/ISBI52829.2022.9761674,ok,https://arxiv.org/pdf/2307.13061,1107154
batch1,03_fundus_methods,Liu2023_M2MRF.pdf,M2MRF,arXiv:2111.00193,ok,https://arxiv.org/pdf/2111.00193,1378637
batch1,03_fundus_methods,Guo2024_deep_multiscale.pdf,Deep multi-scale framework,10.1016/j.bspc.2023.105050,missing,,0
batch1,03_fundus_methods,Xu2024_HACDR-Net.pdf,HACDR-Net,10.1609/aaai.v38i6.28453,ok,https://ojs.aaai.org/index.php/AAAI/article/download/28453/28882,7887340
batch1,03_fundus_methods,Li2024_WSRFNet.pdf,WSRFNet,IJCAI2024,ok,https://www.ijcai.org/proceedings/2024/0115.pdf,4232491
batch1,03_fundus_methods,Guo2022_CARNet.pdf,CARNet,10.1007/s40747-021-00630-4,ok,https://link.springer.com/content/pdf/10.1007/s40747-021-00630-4.pdf?error=cookies_not_supported&code=941aae67-f7c5-4789-bd90-4d111666e632,5268773
batch1,03_fundus_methods,Xiao2020_HEDNet_cGAN.pdf,HEDNet cGAN adversarial lesion segmentation,arXiv:2007.13854,ok,https://arxiv.org/pdf/2007.13854,4792815
batch1,03_fundus_methods,Bian2024_MLNet.pdf,MLNet,10.3390/a17040164,missing,,0
batch1,03_fundus_methods,Zhang2022_SS-MAF.pdf,SS-MAF hard exudate,10.1109/BIBM55620.2022.9995371,missing,,0
batch1,03_fundus_methods,Dai2018_multisieving_MA.pdf,Multi-sieving MA detection,10.1109/TMI.2017.2778741,missing,,0
batch1,03_fundus_methods,Liu2022_dual_branch_exudate.pdf,Dual-branch hard exudate,10.1109/JBHI.2021.3109302,ok,https://arxiv.org/pdf/2012.01665,1613425
batch1,04_foundation_models,Kirillov2023_SAM.pdf,Segment Anything,arXiv:2304.02643,ok,https://arxiv.org/pdf/2304.02643,15644599
batch1,04_foundation_models,Ravi2024_SAM2.pdf,SAM 2,arXiv:2408.00714,ok,https://arxiv.org/pdf/2408.00714,12709657
batch1,04_foundation_models,Ma2024_MedSAM.pdf,MedSAM,arXiv:2304.12306,ok,https://arxiv.org/pdf/2304.12306,3902662
batch1,04_foundation_models,Li2024_TP-DRSeg.pdf,TP-DRSeg,arXiv:2406.15764,ok,https://arxiv.org/pdf/2406.15764,6197598
batch1,04_foundation_models,ISBI2025_SAM2_DR_lesion.pdf,Adapting Segment Anything 2 for DR lesion segmentation,ISBI2025-SAM2-DR,missing,,0
batch1,05_octa,Qian2023_DRAC.pdf,DRAC challenge,arXiv:2304.02389,ok,https://arxiv.org/pdf/2304.02389,10400171
batch1,06_general_backbones,Ronneberger2015_U-Net.pdf,U-Net,arXiv:1505.04597,ok,https://arxiv.org/pdf/1505.04597,1648684
batch1,06_general_backbones,Chen2018_DeepLabv3plus.pdf,DeepLabv3+,arXiv:1802.02611,ok,https://arxiv.org/pdf/1802.02611,4192282
batch1,06_general_backbones,Wang2020_HRNet.pdf,HRNet,arXiv:1908.07919,ok,https://arxiv.org/pdf/1908.07919,2348827
batch1,06_general_backbones,Liu2021_Swin_Transformer.pdf,Swin Transformer,arXiv:2103.14030,ok,https://arxiv.org/pdf/2103.14030,1360315
batch1,06_general_backbones,Long2015_FCN.pdf,FCN,arXiv:1411.4038,ok,https://arxiv.org/pdf/1411.4038,2852099
batch1,06_general_backbones,Xiao2018_UPerNet.pdf,UPerNet,arXiv:1807.10221,ok,https://arxiv.org/pdf/1807.10221,4050498
batch2,03_fundus_methods,He2022_PMCNet.pdf,PMCNet,arXiv:2205.15720,ok,https://arxiv.org/pdf/2205.15720,2032495
batch2,03_fundus_methods,He2023_H2Former.pdf,H2Former,10.1109/TMI.2023.3264513,ok,https://oar.a-star.edu.sg/storage/y/y3npzo5jmq/h2former.pdf,1205635
batch2,03_fundus_methods,Wang2023_VTA_hyperbolic.pdf,VTA hyperbolic embeddings,10.1038/s41598-023-38320-5,ok,https://www.nature.com/articles/s41598-023-38320-5.pdf?error=cookies_not_supported&code=9b963a1c-718f-4336-9af5-bce1f1cf0218,1675650
batch2,03_fundus_methods,Ullah2023_SSMD-UNet.pdf,SSMD-UNet,10.1038/s41598-023-36311-0,ok,https://www.nature.com/articles/s41598-023-36311-0.pdf?error=cookies_not_supported&code=d85c1a32-2d44-4e3a-9c09-473b4db12143,3303491
batch2,03_fundus_methods,Wang2023_CLC-Net.pdf,CLC-Net,10.1016/j.neucom.2023.01.013,missing,,0
batch2,03_fundus_methods,Zhang2023_TC-Net.pdf,TC-Net,10.1016/j.compbiomed.2023.106967,missing,,0
batch2,03_fundus_methods,Ali2023_LezioSeg.pdf,LezioSeg,10.3390/electronics12234940,missing,,0
batch2,03_fundus_methods,Zhou2020_collaborative_semi_supervised.pdf,Collaborative learning of semi-supervised segmentation and classification,CVPR2020,missing,,0
batch2,04_foundation_models,Zhang2023_SAMed.pdf,SAMed,arXiv:2304.13785,ok,https://arxiv.org/pdf/2304.13785,1617932
batch2,04_foundation_models,Chen2023_SAM-Adapter.pdf,SAM-Adapter,arXiv:2304.09148,ok,https://arxiv.org/pdf/2304.09148,2712214
batch2,04_foundation_models,Zhang2024_PerSAM.pdf,PerSAM,arXiv:2305.03048,ok,https://arxiv.org/pdf/2305.03048,1342613
batch2,04_foundation_models,Qiu2023_Learnable_Ophthalmology_SAM.pdf,Learnable Ophthalmology SAM,arXiv:2304.13425,ok,https://arxiv.org/pdf/2304.13425,7930163
batch2,04_foundation_models,Tragakis2023_FCT.pdf,Fully Convolutional Transformer,FCT-WACV2023,missing,,0
batch2,04_foundation_models,Xiong2024_SAM2-UNet.pdf,SAM2-UNet,arXiv:2408.08870,ok,https://arxiv.org/pdf/2408.08870,4456527
batch2,06_general_backbones,Cao2022_Swin-Unet.pdf,Swin-Unet,arXiv:2105.05537,ok,https://arxiv.org/pdf/2105.05537,2896119
batch2,06_general_backbones,Xie2015_HED.pdf,Holistically-nested edge detection,arXiv:1504.06375,ok,https://arxiv.org/pdf/1504.06375,2450318
batch2,06_general_backbones,Zhou2018_UNet++.pdf,UNet++,arXiv:1807.10165,ok,https://arxiv.org/pdf/1807.10165,1679095
batch2,06_general_backbones,Badrinarayanan2017_SegNet.pdf,SegNet,arXiv:1511.00561,ok,https://arxiv.org/pdf/1511.00561,2277012
