source	table	dataset	method	lesion	value
原文汇报	摘要	IDRiD	CLC-Net	mean	0.677
原文汇报	摘要	E-ophtha	CLC-Net	mean	0.629
原文汇报	摘要	DDR	CLC-Net	mean	0.581
原文汇报	表1	IDRiD	loc+cont+att+cl	HE	0.661
原文汇报	表1	IDRiD	loc+cont+att+cl	MA	0.546
原文汇报	表1	IDRiD	loc+cont+att+cl	EX	0.827
原文汇报	表1	IDRiD	loc+cont+att+cl	SE	0.672
原文汇报	表1	IDRiD	loc+cont+att+cl	mean	0.677
原文汇报	表1	E-ophtha	loc+cont+att+cl	MA	0.536
原文汇报	表1	E-ophtha	loc+cont+att+cl	EX	0.722
原文汇报	表1	E-ophtha	loc+cont+att+cl	mean	0.629
原文汇报	表1	DDR	loc+cont+att+cl	HE	0.586
原文汇报	表1	DDR	loc+cont+att+cl	MA	0.386
原文汇报	表1	DDR	loc+cont+att+cl	EX	0.713
原文汇报	表1	DDR	loc+cont+att+cl	SE	0.638
原文汇报	表1	DDR	loc+cont+att+cl	mean	0.581
原文汇报	表2	IDRiD	Ours	HE	0.661
原文汇报	表2	IDRiD	Ours	MA	0.546
原文汇报	表2	IDRiD	Ours	EX	0.827
原文汇报	表2	IDRiD	Ours	SE	0.672
原文汇报	表2	IDRiD	Ours	mean	0.677
原文汇报	表2	E-ophtha	Ours	MA	0.536
原文汇报	表2	E-ophtha	Ours	EX	0.722
原文汇报	表2	E-ophtha	Ours	mean	0.629
原文汇报	表2	DDR	Ours	HE	0.586
原文汇报	表2	DDR	Ours	MA	0.386
原文汇报	表2	DDR	Ours	EX	0.713
原文汇报	表2	DDR	Ours	SE	0.638
原文汇报	表2	DDR	Ours	mean	0.581
原文汇报	表3	IDRiD	Ours	HE	0.661
原文汇报	表3	IDRiD	Ours	MA	0.546
原文汇报	表3	IDRiD	Ours	EX	0.827
原文汇报	表3	IDRiD	Ours	SE	0.672
原文汇报	表3	IDRiD	Ours	mean	0.677
原文汇报	4.1节	模型	CLC-Net	parameters	92190000
原文汇报	4.1节	模型	CLC-Net	FLOPs	20580000000
